"#""pop2023""",pop2020,growth,name,aland_sqmi,intptlat,intptlong,slug,usps,lng,lat,rank,density
2366119,2304580,0.00875,Houston,640.194,29.7857,-95.3888,houston-tx,TX,-95.3888,29.7857,1,3696
1466791,1434625,0.00736,San Antonio,485.113,29.4659,-98.5247,san-antonio-tx,TX,-98.5247,29.4659,2,3024
1336347,1304379,0.00804,Dallas,339.736,32.7933,-96.7665,dallas-tx,TX,-96.7665,32.7933,3,3933
1013293,961855,0.01721,Austin,319.939,30.3012,-97.7527,austin-tx,TX,-97.7527,30.3012,4,3167
972228,918915,0.01862,Fort Worth,345.584,32.7815,-97.3467,fort-worth-tx,TX,-97.3467,32.7815,5,2813
687722,678815,0.00434,El Paso,257.42,31.8478,-106.431,el-paso-tx,TX,-106.431,31.8478,6,2672
402915,394266,0.00721,Arlington,95.779,32.7007,-97.1247,arlington-tx,TX,-97.1247,32.7007,7,4207
321658,317863,0.00395,Corpus Christi,159.703,27.7543,-97.1734,corpus-christi-tx,TX,-97.1734,27.7543,8,2014
293189,285494,0.00883,Plano,71.682,33.0508,-96.7479,plano-tx,TX,-96.7479,33.0508,9,4090
268801,256684,0.01526,Irving,67.06,32.8577,-96.97,irving-tx,TX,-96.97,32.8577,10,4008
265412,257141,0.0105,Lubbock,134.723,33.5668,-101.888,lubbock-tx,TX,-101.888,33.5668,11,1970
260938,255205,0.00738,Laredo,105.743,27.5604,-99.4892,laredo-tx,TX,-99.4892,27.5604,12,2468
251760,246018,0.00766,Garland,57.06,32.9098,-96.6303,garland-tx,TX,-96.6303,32.9098,13,4412
225565,200509,0.03845,Frisco,68.125,33.1554,-96.8226,frisco-tx,TX,-96.8226,33.1554,14,3311
214565,195308,0.03084,McKinney,66.94,33.2011,-96.6642,mckinney-tx,TX,-96.6642,33.2011,15,3205
203303,200393,0.00479,Amarillo,101.744,35.1989,-101.832,amarillo-tx,TX,-101.832,35.1989,16,1998
202310,196100,0.01034,Grand Prairie,72.255,32.6861,-97.0208,grand-prairie-tx,TX,-97.0208,32.6861,17,2800
190254,186738,0.0062,Brownsville,132.322,25.9957,-97.4509,brownsville-tx,TX,-97.4509,25.9957,18,1438
160646,153095,0.01592,Killeen,54.545,31.0753,-97.7316,killeen-tx,TX,-97.7316,31.0753,19,2945
153192,150108,0.00676,Mesquite,47.252,32.7629,-96.5888,mesquite-tx,TX,-96.5888,32.7629,20,3242
152823,151950,0.00191,Pasadena,43.586,29.659,-95.1504,pasadena-tx,TX,-95.1504,29.659,21,3506
147816,139869,0.01825,Denton,96.236,33.2174,-97.1413,denton-tx,TX,-97.1413,33.2174,22,1536
145909,142210,0.00852,McAllen,65.698,26.2274,-98.2469,mcallen-tx,TX,-98.2469,26.2274,23,2221
142590,138486,0.00969,Waco,88.856,31.5601,-97.186,waco-tx,TX,-97.186,31.5601,24,1605
138938,132524,0.01563,Midland,74.383,32.0246,-102.113,midland-tx,TX,-102.113,32.0246,25,1868
137736,133434,0.01052,Carrollton,36.669,32.9894,-96.8999,carrollton-tx,TX,-96.8999,32.9894,26,3756
136202,125828,0.02605,Pearland,48.16,29.5558,-95.3231,pearland-tx,TX,-95.3231,29.5558,27,2828
128506,120511,0.02118,College Station,51.152,30.5852,-96.2964,college-station-tx,TX,-96.2964,30.5852,28,2512
127618,125182,0.0064,Abilene,106.669,32.4545,-99.7381,abilene-tx,TX,-99.7381,32.4545,29,1196
125544,119469,0.01639,Richardson,28.565,32.9723,-96.7081,richardson-tx,TX,-96.7081,32.9723,30,4395
125342,119468,0.01587,Round Rock,36.213,30.5252,-97.666,round-rock-tx,TX,-97.666,30.5252,31,3461
123641,114392,0.02557,League City,51.261,29.4901,-95.1091,league-city-tx,TX,-95.1091,29.4901,32,2412
120689,111026,0.02742,Sugar Land,40.485,29.5928,-95.6338,sugar-land-tx,TX,-95.6338,29.5928,33,2981
120613,114436,0.01737,The Woodlands,43.206,30.1726,-95.5098,the-woodlands-tx,TX,-95.5098,30.1726,34,2792
118775,114428,0.01235,Odessa,45.223,31.8834,-102.34,odessa-tx,TX,-102.34,31.8834,35,2626
116781,111822,0.01436,Lewisville,36.699,33.0466,-96.9818,lewisville-tx,TX,-96.9818,33.0466,36,3182
114379,115282,-0.00262,Beaumont,82.335,30.0849,-94.1453,beaumont-tx,TX,-94.1453,30.0849,37,1389
110741,104627,0.01875,Allen,26.398,33.1097,-96.673,allen-tx,TX,-96.673,33.1097,38,4195
108725,105995,0.00844,Tyler,57.455,32.3173,-95.3059,tyler-tx,TX,-95.3059,32.3173,39,1892
107185,100243,0.02207,Edinburg,44.735,26.3211,-98.1628,edinburg-tx,TX,-98.1628,26.3211,40,2396
101900,99893,0.00661,San Angelo,59.639,31.4411,-100.451,san-angelo-tx,TX,-100.451,31.4411,41,1709
101644,102316,-0.0022,Wichita Falls,72.01,33.9067,-98.5259,wichita-falls-tx,TX,-98.5259,33.9067,42,1412
100201,90403,0.03369,New Braunfels,45.188,29.6993,-98.1151,new-braunfels-tx,TX,-98.1151,29.6993,43,2217
100081,89956,0.0349,Conroe,71.949,30.3249,-95.4873,conroe-tx,TX,-95.4873,30.3249,44,1391
94873,88174,0.0241,Atascocita,23.841,29.9756,-95.1948,atascocita-tx,TX,-95.1948,29.9756,45,3979
88394,85778,0.00996,Mission,35.54,26.2041,-98.3252,mission-tx,TX,-98.3252,26.2041,46,2487
87271,83701,0.01382,Baytown,36.886,29.7596,-94.9681,baytown-tx,TX,-94.9681,29.7596,47,2366
86864,82073,0.01873,Temple,70.477,31.1084,-97.3891,temple-tx,TX,-97.3891,31.1084,48,1233
86314,83980,0.0091,Bryan,45.874,30.6656,-96.3666,bryan-tx,TX,-96.3666,30.6656,49,1882
86193,77595,0.03439,Cedar Park,25.402,30.5102,-97.8198,cedar-park-tx,TX,-97.8198,30.5102,50,3393
82511,79715,0.01142,Pharr,23.631,26.1678,-98.1902,pharr-tx,TX,-98.1902,26.1678,51,3492
81992,81638,0.00144,Longview,55.757,32.5193,-94.7646,longview-tx,TX,-94.7646,32.5193,52,1471
79343,75956,0.01443,Flower Mound,41.925,33.0378,-97.113,flower-mound-tx,TX,-97.113,33.0378,53,1892
77471,72602,0.0214,Mansfield,36.672,32.5692,-97.1205,mansfield-tx,TX,-97.1205,32.5692,54,2113
76329,74259,0.00912,Missouri City,29.043,29.5629,-95.536,missouri-city-tx,TX,-95.536,29.5629,55,2628
74351,67553,0.03144,San Marcos,34.137,29.8729,-97.9377,san-marcos-tx,TX,-97.9377,29.8729,56,2178
73923,71829,0.00953,Harlingen,40.079,26.1912,-97.6974,harlingen-tx,TX,-97.6974,26.1912,57,1844
73110,67176,0.02781,Georgetown,54.85,30.6681,-97.6987,georgetown-tx,TX,-97.6987,30.6681,58,1333
71888,69917,0.00922,North Richland Hills,18.13,32.862,-97.2148,north-richland-hills-tx,TX,-97.2148,32.862,59,3965
70669,65191,0.02652,Pflugerville,24.919,30.4478,-97.6021,pflugerville-tx,TX,-97.6021,30.4478,60,2836
69006,59202,0.04971,Leander,37.48,30.5739,-97.8626,leander-tx,TX,-97.8626,30.5739,61,1841
66416,65534,0.00445,Victoria,37.194,28.8285,-96.986,victoria-tx,TX,-96.986,28.8285,62,1786
65037,62559,0.01286,Spring,22.485,30.0622,-95.384,spring-tx,TX,-95.384,30.0622,63,2892
64437,62535,0.00994,Rowlett,20.891,32.9159,-96.5486,rowlett-tx,TX,-96.5486,32.9159,64,3084
63960,61032,0.0155,Euless,16.134,32.8494,-97.0786,euless-tx,TX,-97.0786,32.8494,65,3964
62356,57526,0.0265,Wylie,22.056,33.0358,-96.5201,wylie-tx,TX,-96.5201,33.0358,66,2827
58275,56145,0.01233,DeSoto,21.633,32.5993,-96.8629,desoto-tx,TX,-96.8629,32.5993,67,2694
56705,56039,0.00393,Port Arthur,76.922,29.8334,-93.9663,port-arthur-tx,TX,-93.9663,29.8334,68,737
55480,53695,0.01084,Galveston,41.128,29.1834,-94.97,galveston-tx,TX,-94.97,29.1834,69,1349
53938,51898,0.01277,Texas City,64.305,29.4337,-94.8927,texas-city-tx,TX,-94.8927,29.4337,70,839
52621,46453,0.04066,Little Elm,17.82,33.186,-96.9251,little-elm-tx,TX,-96.9251,33.186,71,2953
51921,50631,0.00835,Grapevine,31.973,32.9341,-97.0765,grapevine-tx,TX,-97.0765,32.9341,72,1624
51001,45697,0.03591,Kyle,30.455,29.9947,-97.8883,kyle-tx,TX,-97.8883,29.9947,73,1675
50926,47641,0.02197,Burleson,28.259,32.5165,-97.3274,burleson-tx,TX,-97.3274,32.5165,74,1802
50813,49928,0.00584,Bedford,10.017,32.8458,-97.1351,bedford-tx,TX,-97.1351,32.8458,75,5073
50384,49148,0.00824,Cedar Hill,35.791,32.5843,-96.9589,cedar-hill-tx,TX,-96.9589,32.5843,76,1408
50179,47251,0.01984,Rockwall,29.343,32.9181,-96.438,rockwall-tx,TX,-96.438,32.9181,77,1710
48158,45941,0.01558,Huntsville,35.851,30.7048,-95.5536,huntsville-tx,TX,-95.5536,30.7048,78,1343
47908,45688,0.01569,Channelview,14.477,29.793,-95.1145,channelview-tx,TX,-95.1145,29.793,79,3309
47621,45776,0.01308,Keller,18.461,32.9329,-97.2245,keller-tx,TX,-97.2245,32.9329,80,2580
47171,46073,0.00782,Haltom City,12.367,32.8177,-97.2711,haltom-city-tx,TX,-97.2711,32.8177,81,3814
46997,44534,0.01778,The Colony,14.005,33.0896,-96.9034,the-colony-tx,TX,-96.9034,33.0896,82,3356
45181,43645,0.01146,Sherman,45.552,33.6278,-96.6209,sherman-tx,TX,-96.6209,33.6278,83,992
45164,42002,0.02389,Schertz,32.001,29.5633,-98.2509,schertz-tx,TX,-98.2509,29.5633,84,1411
44596,41140,0.02652,Waxahachie,48.84,32.4025,-96.8445,waxahachie-tx,TX,-96.8445,32.4025,85,913
44279,42983,0.00985,Coppell,14.5,32.9633,-96.9906,coppell-tx,TX,-96.9906,32.9633,86,3054
42836,41213,0.01279,Friendswood,20.631,29.5101,-95.1961,friendswood-tx,TX,-95.1961,29.5101,87,2076
42748,41275,0.01162,Lancaster,33.242,32.5935,-96.7733,lancaster-tx,TX,-96.7733,32.5935,88,1286
41748,35217,0.05502,Timberwood Park,20.401,29.7007,-98.4832,timberwood-park-tx,TX,-98.4832,29.7007,89,2046
41507,40160,0.01094,Weslaco,17.589,26.165,-97.9893,weslaco-tx,TX,-97.9893,26.165,90,2360
41360,40706,0.0053,Duncanville,11.202,32.646,-96.9139,duncanville-tx,TX,-96.9139,32.646,91,3692
41337,40413,0.00751,Hurst,9.968,32.8366,-97.1806,hurst-tx,TX,-97.1806,32.8366,92,4147
40580,38282,0.01924,Rosenberg,36.867,29.5499,-95.8214,rosenberg-tx,TX,-95.8214,29.5499,93,1101
40252,35125,0.04434,Midlothian,63.414,32.4694,-96.9907,midlothian-tx,TX,-96.9907,32.4694,94,635
38205,35991,0.0197,Farmers Branch,11.881,32.9278,-96.8785,farmers-branch-tx,TX,-96.8785,32.9278,95,3216
38062,36670,0.01234,Copperas Cove,18.038,31.1196,-97.9144,copperas-cove-tx,TX,-97.9144,31.1196,96,2110
37355,32276,0.04747,Cibolo,20.646,29.5701,-98.2178,cibolo-tx,TX,-98.2178,29.5701,97,1809
37037,36914,0.00111,Mission Bend,4.642,29.6937,-95.6663,mission-bend-tx,TX,-95.6663,29.6937,98,7979
36529,33340,0.02997,West Odessa,62.722,31.8382,-102.5,west-odessa-tx,TX,-102.5,31.8382,99,582
36399,30174,0.06045,Prosper,25.187,33.2413,-96.8124,prosper-tx,TX,-96.8124,33.2413,100,1445
36127,36193,-0.00061,Texarkana,29.049,33.4481,-94.0812,texarkana-tx,TX,-94.0812,33.4481,101,1244
35726,35294,0.00405,San Juan,11.622,26.1903,-98.152,san-juan-tx,TX,-98.152,26.1903,102,3074
35520,35124,0.00373,La Porte,18.629,29.6674,-95.0491,la-porte-tx,TX,-95.0491,29.6674,103,1907
35239,34495,0.00709,Deer Park,10.473,29.6873,-95.1159,deer-park-tx,TX,-95.1159,29.6873,104,3365
35017,33097,0.01862,Harker Heights,15.655,31.0567,-97.6442,harker-heights-tx,TX,-97.6442,31.0567,105,2237
34993,34306,0.00659,Socorro,21.947,31.6385,-106.257,socorro-tx,TX,-106.257,31.6385,106,1594
34397,34673,-0.00267,Del Rio,20.418,29.373,-100.882,del-rio-tx,TX,-100.882,29.373,107,1685
34082,31124,0.02979,Canyon Lake,142.711,29.8758,-98.2612,canyon-lake-tx,TX,-98.2612,29.8758,108,239
33867,34143,-0.00271,Lufkin,34.207,31.3229,-94.729,lufkin-tx,TX,-94.729,31.3229,109,990
32672,31265,0.01456,Southlake,21.832,32.9545,-97.1489,southlake-tx,TX,-97.1489,32.9545,110,1497
32534,30854,0.01751,Weatherford,27.121,32.7532,-97.7719,weatherford-tx,TX,-97.7719,32.7532,111,1200
31958,31352,0.00636,Cleburne,35.535,32.354,-97.4109,cleburne-tx,TX,-97.4109,32.354,112,899
31892,32147,-0.00266,Nacogdoches,27.592,31.6124,-94.652,nacogdoches-tx,TX,-94.652,31.6124,113,1156
31441,27577,0.04272,Hutto,8.378,30.539,-97.5513,hutto-tx,TX,-97.5513,30.539,114,3753
30711,29433,0.01407,Seguin,37.979,29.5889,-97.9666,seguin-tx,TX,-97.9666,29.5889,115,809
30247,27466,0.03162,Converse,8.458,29.5076,-98.3078,converse-tx,TX,-98.3078,29.5076,116,3576
29134,27103,0.02379,Sachse,9.77,32.969,-96.5795,sachse-tx,TX,-96.5795,32.969,117,2982
28947,28164,0.0091,Greenville,32.287,33.1119,-96.1103,greenville-tx,TX,-96.1103,33.1119,118,897
28873,27685,0.01391,Balch Springs,9.024,32.7139,-96.6181,balch-springs-tx,TX,-96.6181,32.7139,119,3200
28694,28130,0.0066,Eagle Pass,9.421,28.7128,-100.485,eagle-pass-tx,TX,-100.485,28.7128,120,3046
28576,28177,0.00468,Lake Jackson,19.74,29.0509,-95.4512,lake-jackson-tx,TX,-95.4512,29.0509,121,1448
27956,27098,0.01034,Alvin,24.211,29.3406,-95.5521,alvin-tx,TX,-95.5521,29.3406,122,1155
27908,28295,-0.0046,Fort Hood,15.676,31.1346,-97.78,fort-hood-tx,TX,-97.78,31.1346,123,1780
27032,26057,0.01217,Colleyville,13.111,32.8915,-97.1497,colleyville-tx,TX,-97.1497,32.8915,124,2062
26112,24486,0.0212,Fresno,8.529,29.5375,-95.4687,fresno-tx,TX,-95.4687,29.5375,125,3062
26092,23455,0.03486,Forney,14.797,32.7426,-96.4529,forney-tx,TX,-96.4529,32.7426,126,1763
25941,25278,0.00859,University Park,3.686,32.8486,-96.7952,university-park-tx,TX,-96.7952,32.8486,127,7038
25802,26144,-0.0044,Big Spring,19.108,32.2383,-101.486,big-spring-tx,TX,-101.486,32.2383,128,1350
25511,25109,0.00528,Corsicana,22.985,32.0824,-96.4667,corsicana-tx,TX,-96.4667,32.0824,129,1110
25507,24520,0.01307,Benbrook,10.763,32.6783,-97.4636,benbrook-tx,TX,-97.4636,32.6783,130,2370
25159,25402,-0.00321,Kingsville,13.868,27.5092,-97.861,kingsville-tx,TX,-97.861,27.5092,131,1814
25114,23890,0.01651,Saginaw,7.651,32.8656,-97.3652,saginaw-tx,TX,-97.3652,32.8656,132,3282
25044,24861,0.00244,San Benito,15.793,26.1294,-97.6441,san-benito-tx,TX,-97.6441,26.1294,133,1586
25019,24479,0.00725,Denison,28.575,33.7669,-96.5807,denison-tx,TX,-96.5807,33.7669,134,876
24857,24278,0.00783,Kerrville,21.916,30.0398,-99.1323,kerrville-tx,TX,-99.1323,30.0398,135,1134
24828,22782,0.02824,Pecan Grove,8.323,29.6236,-95.7319,pecan-grove-tx,TX,-95.7319,29.6236,136,2983
24506,23054,0.02015,Belton,20.219,31.0523,-97.4795,belton-tx,TX,-97.4795,31.0523,137,1212
24448,24100,0.00477,Cloverleaf,3.081,29.7898,-95.1763,cloverleaf-tx,TX,-95.1763,29.7898,138,7935
24266,24476,-0.00288,Paris,35.19,33.6689,-95.5466,paris-tx,TX,-95.5466,33.6689,139,690
# I thought Paris was in France!,,,,,,,,,,,,
24231,21894,0.03322,Katy,14.542,29.7909,-95.8407,katy-tx,TX,-95.8407,29.7909,140,1666
24214,22489,0.02432,Horizon City,8.714,31.6796,-106.191,horizon-city-tx,TX,-106.191,31.6796,141,2779
23695,23650,0.00063,Watauga,4.161,32.8718,-97.2515,watauga-tx,TX,-97.2515,32.8718,142,5695
23444,22634,0.01165,Corinth,7.792,33.1447,-97.0708,corinth-tx,TX,-97.0708,33.1447,143,3009
23353,23392,-0.00056,Marshall,29.594,32.5392,-94.3532,marshall-tx,TX,-94.3532,32.5392,144,789
22747,22519,0.00335,Brushy Creek,6.509,30.5126,-97.7377,brushy-creek-tx,TX,-97.7377,30.5126,145,3495
22028,20897,0.01741,Stephenville,11.887,32.2145,-98.2199,stephenville-tx,TX,-98.2199,32.2145,146,1853
22003,21013,0.01523,Murphy,5.683,33.0164,-96.6082,murphy-tx,TX,-96.6082,33.0164,147,3872
21967,20383,0.02463,Portland,11.137,27.8871,-97.3306,portland-tx,TX,-97.3306,27.8871,148,1972
21572,16856,0.0786,Fulshear,11.01,29.6895,-95.8824,fulshear-tx,TX,-95.8824,29.6895,149,1959
21529,19189,0.03759,Lakeway,12.206,30.3548,-97.9853,lakeway-tx,TX,-97.9853,30.3548,150,1764
21498,20847,0.0102,Dickinson,10.116,29.4517,-95.0562,dickinson-tx,TX,-95.0562,29.4517,151,2125
21438,17958,0.0572,Fate,11.846,32.9427,-96.3874,fate-tx,TX,-96.3874,32.9427,152,1810
20654,20159,0.00805,Ennis,32.44,32.326,-96.635,ennis-tx,TX,-96.635,32.326,153,637
20093,17027,0.05359,Princeton,10.1,33.2008,-96.5192,princeton-tx,TX,-96.5192,33.2008,154,1989
20077,19720,0.00596,Universal City,5.57,29.552,-98.3076,universal-city-tx,TX,-98.3076,29.552,155,3604
20064,17850,0.03819,Boerne,11.301,29.784,-98.7279,boerne-tx,TX,-98.7279,29.784,156,1775
19956,18198,0.03025,Alton,7.309,26.2888,-98.3106,alton-tx,TX,-98.3106,26.2888,157,2730
19952,16739,0.05672,Celina,27.925,33.3124,-96.7922,celina-tx,TX,-96.7922,33.3124,158,714
19835,19493,0.00578,Alamo,7.511,26.1811,-98.1177,alamo-tx,TX,-98.1177,26.1811,159,2641
19639,18070,0.02736,Crowley,7.308,32.5765,-97.3593,crowley-tx,TX,-97.3593,32.5765,160,2687
19600,19429,0.00292,Angleton,11.623,29.1718,-95.4293,angleton-tx,TX,-95.4293,29.1718,161,1686
19584,20187,-0.01016,Plainview,13.886,34.1912,-101.723,plainview-tx,TX,-101.723,34.1912,162,1410
19543,19324,0.00375,Orange,22.081,30.1166,-93.7604,orange-tx,TX,-93.7604,30.1166,163,885
19529,18446,0.01883,Seagoville,18.822,32.6534,-96.5451,seagoville-tx,TX,-96.5451,32.6534,164,1038
19491,16896,0.04644,Anna,16.048,33.3473,-96.5503,anna-tx,TX,-96.5503,33.3473,165,1215
19249,18856,0.00685,Nederland,5.924,29.9701,-94.0009,nederland-tx,TX,-94.0009,29.9701,166,3249
19086,18030,0.01879,La Marque,13.929,29.369,-94.9958,la-marque-tx,TX,-94.9958,29.369,167,1370
18941,15830,0.05792,Palmview,2.806,26.2302,-98.3791,palmview-tx,TX,-98.3791,26.2302,168,6750
18914,18269,0.0115,White Settlement,5.037,32.7551,-97.4607,white-settlement-tx,TX,-97.4607,32.7551,169,3755
18733,18862,-0.00229,Brownwood,14.966,31.7129,-98.9771,brownwood-tx,TX,-98.9771,31.7129,170,1252
18493,18544,-0.00092,Palestine,19.422,31.7545,-95.6469,palestine-tx,TX,-95.6469,31.7545,171,952
18196,18061,0.00248,Bay City,9.263,28.9835,-95.9599,bay-city-tx,TX,-95.9599,28.9835,172,1964
17960,17465,0.00927,Terrell,22.742,32.7339,-96.2937,terrell-tx,TX,-96.2937,32.7339,173,790
17864,17369,0.00932,Brenham,12.9,30.1582,-96.3956,brenham-tx,TX,-96.3956,30.1582,174,1385
17811,17394,0.00787,Gainesville,19.303,33.6386,-97.1484,gainesville-tx,TX,-97.1484,33.6386,175,923
17741,16661,0.02071,Addison,4.353,32.9637,-96.8338,addison-tx,TX,-96.8338,32.9637,176,4076
17692,17335,0.00677,Groves,5.173,29.946,-93.9167,groves-tx,TX,-93.9167,29.946,177,3420
17657,17666,-0.00017,Stafford,7.004,29.6257,-95.5657,stafford-tx,TX,-95.5657,29.6257,178,2521
17528,17891,-0.00686,Alice,11.992,27.7556,-98.0658,alice-tx,TX,-98.0658,27.7556,179,1462
17451,15108,0.04685,Buda,6.228,30.0866,-97.8448,buda-tx,TX,-97.8448,30.0866,180,2802
17307,17202,0.00203,Bellaire,3.597,29.704,-95.4609,bellaire-tx,TX,-95.4609,29.704,181,4812
17293,16795,0.00969,Humble,9.764,29.9882,-95.2644,humble-tx,TX,-95.2644,29.9882,182,1771
17181,15819,0.02714,Glenn Heights,7.211,32.5513,-96.8544,glenn-heights-tx,TX,-96.8544,32.5513,183,2383
17097,16797,0.00588,Donna,8.292,26.1611,-98.0389,donna-tx,TX,-98.0389,26.1611,184,2062
16770,16026,0.01501,Hewitt,7.023,31.4535,-97.1953,hewitt-tx,TX,-97.1953,31.4535,185,2388
16664,13901,0.0585,Melissa,11.452,33.2885,-96.5576,melissa-tx,TX,-96.5576,33.2885,186,1455
16591,16267,0.00655,Taylor,18.382,30.5744,-97.424,taylor-tx,TX,-97.424,30.5744,187,903
16576,15781,0.01625,Live Oak,4.756,29.5554,-98.34,live-oak-tx,TX,-98.34,29.5554,188,3485
16528,16867,-0.00679,Pampa,9.02,35.5479,-100.965,pampa-tx,TX,-100.965,35.5479,189,1832
16485,16899,-0.0083,Cinco Ranch,4.311,29.7399,-95.7607,cinco-ranch-tx,TX,-95.7607,29.7399,190,3824
16465,16258,0.00421,Mercedes,11.799,26.1538,-97.9129,mercedes-tx,TX,-97.9129,26.1538,191,1395
16249,16135,0.00234,Gatesville,8.665,31.4412,-97.7466,gatesville-tx,TX,-97.7466,31.4412,192,1875
16238,13652,0.05606,Manor,9.805,30.3742,-97.5418,manor-tx,TX,-97.5418,30.3742,193,1656
16191,16047,0.00297,Mount Pleasant,15.573,33.1612,-94.9724,mount-pleasant-tx,TX,-94.9724,33.1612,194,1040
16151,15899,0.00523,Highland Village,5.532,33.0897,-97.0615,highland-village-tx,TX,-97.0615,33.0897,195,2920
16088,15941,0.00306,Sulphur Springs,20.243,33.1431,-95.6147,sulphur-springs-tx,TX,-95.6147,33.1431,196,795
16038,15999,0.00081,Aldine,7.849,29.9134,-95.3774,aldine-tx,TX,-95.3774,29.9134,197,2043
15904,16153,-0.00519,South Houston,3.046,29.661,-95.2284,south-houston-tx,TX,-95.2284,29.661,198,5221
15761,15317,0.00948,Rio Grande City,11.351,26.381,-98.8215,rio-grande-city-tx,TX,-98.8215,26.381,199,1389
15386,13688,0.03819,Trophy Club,3.945,33.0012,-97.1957,trophy-club-tx,TX,-97.1957,33.0012,200,3900
15295,14836,0.0101,Canyon,7.057,34.9936,-101.912,canyon-tx,TX,-101.912,34.9936,201,2167
15257,14222,0.02314,Red Oak,15.552,32.5096,-96.784,red-oak-tx,TX,-96.784,32.5096,202,981
15058,15217,-0.00351,Uvalde,7.664,29.2152,-99.7772,uvalde-tx,TX,-99.7772,29.2152,203,1965
15006,14955,0.00113,West University Place,2.004,29.7154,-95.4316,west-university-place-tx,TX,-95.4316,29.7154,204,7488
14883,14379,0.01142,Lockhart,15.614,29.8788,-97.6833,lockhart-tx,TX,-97.6833,29.8788,205,953
14852,14972,-0.00269,Hereford,6.138,34.8232,-102.4,hereford-tx,TX,-102.4,34.8232,206,2420
14795,13964,0.01908,Hidalgo,8.347,26.1089,-98.2462,hidalgo-tx,TX,-98.2462,26.1089,207,1772
14756,13508,0.02901,Royse City,18.295,32.9797,-96.3164,royse-city-tx,TX,-96.3164,32.9797,208,807
14564,14000,0.01308,Wells Branch,2.43,30.4435,-97.68,wells-branch-tx,TX,-97.68,30.4435,209,5993
14444,14501,-0.00131,Dumas,5.525,35.862,-101.965,dumas-tx,TX,-101.965,35.862,210,2614
14435,13955,0.01121,Forest Hill,4.171,32.6619,-97.2662,forest-hill-tx,TX,-97.2662,32.6619,211,3461
14229,14820,-0.01366,Mineral Wells,20.399,32.8235,-98.0788,mineral-wells-tx,TX,-98.0788,32.8235,212,698
14207,13487,0.01718,Andrews,6.95,32.3213,-102.552,andrews-tx,TX,-102.552,32.3213,213,2044
14158,12916,0.03012,Pecos,7.307,31.4046,-103.506,pecos-tx,TX,-103.506,31.4046,214,1938
14119,13618,0.01197,Seabrook,5.327,29.593,-94.9934,seabrook-tx,TX,-94.9934,29.593,215,2650
14095,13369,0.01747,Azle,8.792,32.8955,-97.5392,azle-tx,TX,-97.5392,32.8955,216,1603
14037,13554,0.0116,Lumberton,13.41,30.255,-94.208,lumberton-tx,TX,-94.208,30.255,217,1047
13912,13669,0.00586,Beeville,6.173,28.4059,-97.7494,beeville-tx,TX,-97.7494,28.4059,218,2254
13887,13692,0.0047,Port Neches,8.63,29.9899,-93.9825,port-neches-tx,TX,-93.9825,29.9899,219,1609
13832,13997,-0.00396,Jacksonville,14.191,31.9651,-95.2621,jacksonville-tx,TX,-95.2621,31.9651,220,975
13827,13533,0.00714,Rendon,24.699,32.5797,-97.2365,rendon-tx,TX,-97.2365,32.5797,221,560
13782,12168,0.04062,Hornsby Bend,1.705,30.245,-97.5833,hornsby-bend-tx,TX,-97.5833,30.245,222,8083
13496,13376,0.00297,Kilgore,18.564,32.3967,-94.86,kilgore-tx,TX,-94.86,32.3967,223,727
13139,13271,-0.00334,Henderson,11.951,32.1573,-94.7959,henderson-tx,TX,-94.7959,32.1573,224,1099
13129,12499,0.01626,Webster,6.392,29.5321,-95.1165,webster-tx,TX,-95.1165,29.5321,225,2054
13022,12443,0.01504,Robinson,31.23,31.4515,-97.1229,robinson-tx,TX,-97.1229,31.4515,226,417
12902,12857,0.00116,Athens,17.833,32.2026,-95.8308,athens-tx,TX,-95.8308,32.2026,227,723
12888,12735,0.00397,Santa Fe,17.397,29.3876,-95.1015,santa-fe-tx,TX,-95.1015,29.3876,228,741
12818,12341,0.01256,Tomball,13,30.0951,-95.6197,tomball-tx,TX,-95.6197,30.0951,229,986
12575,12350,0.006,El Campo,9.763,29.1987,-96.2722,el-campo-tx,TX,-96.2722,29.1987,230,1288
12575,10952,0.04496,Selma,5.036,29.5865,-98.3153,selma-tx,TX,-98.3153,29.5865,231,2497
12385,12652,-0.00713,Levelland,10.207,33.5815,-102.364,levelland-tx,TX,-102.364,33.5815,232,1213
12341,12551,-0.00564,Borger,8.788,35.6594,-101.402,borger-tx,TX,-101.402,35.6594,233,1404
12108,10458,0.04759,Scenic Oaks,7.854,29.7039,-98.6677,scenic-oaks-tx,TX,-98.6677,29.7039,234,1542
12101,11561,0.0151,Roma,5.865,26.4147,-99.0039,roma-tx,TX,-99.0039,26.4147,235,2063
12061,11260,0.02264,Fort Bliss,6.217,31.8137,-106.412,fort-bliss-tx,TX,-106.412,31.8137,236,1940
12019,12103,-0.00232,Four Corners,2.51,29.6703,-95.66,four-corners-tx,TX,-95.66,29.6703,237,4788
11959,11542,0.01176,Leon Valley,3.468,29.4954,-98.6143,leon-valley-tx,TX,-98.6143,29.4954,238,3448
11958,10785,0.0338,Lantana,2.425,33.0934,-97.119,lantana-tx,TX,-97.119,33.0934,239,4931
11852,10958,0.02579,Granbury,13.385,32.4639,-97.7698,granbury-tx,TX,-97.7698,32.4639,240,885
11612,11627,-0.00043,Richmond,4.117,29.5829,-95.7604,richmond-tx,TX,-95.7604,29.5829,241,2821
11576,9539,0.06231,Paloma Creek South,1.263,33.21,-96.9327,paloma-creek-south-tx,TX,-96.9327,33.21,242,9165
11510,11438,0.00209,Snyder,8.994,32.7135,-100.911,snyder-tx,TX,-100.911,32.7135,243,1280
11435,9992,0.04391,Manvel,25.524,29.4788,-95.3639,manvel-tx,TX,-95.3639,29.4788,244,448
11350,11557,-0.00604,Port Lavaca,10.151,28.618,-96.6283,port-lavaca-tx,TX,-96.6283,28.618,245,1118
11308,10372,0.02837,Fairview,8.869,33.1405,-96.613,fairview-tx,TX,-96.613,33.1405,246,1275
11161,10648,0.01556,Pleasanton,8.919,28.9643,-98.4956,pleasanton-tx,TX,-98.4956,28.9643,247,1251
11051,11267,-0.00647,La Homa,6.741,26.2773,-98.3578,la-homa-tx,TX,-98.3578,26.2773,248,1639
10988,9833,0.03631,Fair Oaks Ranch,12.261,29.7461,-98.6381,fair-oaks-ranch-tx,TX,-98.6381,29.7461,249,896
10978,10939,0.00119,Burkburnett,11.543,34.0746,-98.5672,burkburnett-tx,TX,-98.5672,34.0746,250,951
10977,10875,0.00311,Fredericksburg,9.058,30.2657,-98.8744,fredericksburg-tx,TX,-98.8744,30.2657,251,1212
10775,9665,0.03556,Roanoke,6.61,33.0147,-97.229,roanoke-tx,TX,-97.229,33.0147,252,1630
10710,9144,0.05124,Bee Cave,8.569,30.3077,-97.9626,bee-cave-tx,TX,-97.9626,30.3077,253,1250
10695,10740,-0.0014,Galena Park,4.788,29.7452,-95.2346,galena-park-tx,TX,-95.2346,29.7452,254,2234
10671,10494,0.00556,Bellmead,6.863,31.6015,-97.089,bellmead-tx,TX,-97.089,31.6015,255,1555
10624,9769,0.02757,Heath,12.033,32.8535,-96.4636,heath-tx,TX,-96.4636,32.8535,256,883
10538,10622,-0.00265,Sweetwater,11.074,32.4694,-100.409,sweetwater-tx,TX,-100.409,32.4694,257,952
10492,10408,0.00268,Bonham,9.833,33.588,-96.1901,bonham-tx,TX,-96.1901,33.588,258,1067
10460,10070,0.01258,Rockport,16.546,27.9728,-97.136,rockport-tx,TX,-97.136,27.9728,259,632
10429,9688,0.02426,Bastrop,10.868,30.1116,-97.3227,bastrop-tx,TX,-97.3227,30.1116,260,960
10421,10604,-0.00582,Clute,5.319,29.0259,-95.3982,clute-tx,TX,-95.3982,29.0259,261,1959
10291,10696,-0.01295,Freeport,15.398,28.9433,-95.3561,freeport-tx,TX,-95.3561,28.9433,262,668
10279,9784,0.01631,Elgin,6.42,30.3519,-97.3878,elgin-tx,TX,-97.3878,30.3519,263,1601
10248,8154,0.07309,Iowa Colony,7.233,29.4429,-95.4184,iowa-colony-tx,TX,-95.4184,29.4429,264,1417
10059,9546,0.01729,Bridge City,6.437,30.0309,-93.8381,bridge-city-tx,TX,-93.8381,30.0309,265,1563
9995,9677,0.01072,Bacliff,2.736,29.5072,-94.9872,bacliff-tx,TX,-94.9872,29.5072,266,3653
9921,10236,-0.01047,Raymondville,4.115,26.4757,-97.7777,raymondville-tx,TX,-97.7777,26.4757,267,2411
9802,10078,-0.0093,Vernon,7.895,34.1477,-99.3004,vernon-tx,TX,-99.3004,34.1477,268,1242
9754,8896,0.03021,Lago Vista,14.323,30.4526,-97.991,lago-vista-tx,TX,-97.991,30.4526,269,681
9741,10143,-0.01357,Robstown,15.503,27.7886,-97.6685,robstown-tx,TX,-97.6685,27.7886,270,628
9701,9158,0.01901,Murillo,5.787,26.2642,-98.1233,murillo-tx,TX,-98.1233,26.2642,271,1676
9662,9383,0.00972,Woodway,6.569,31.4983,-97.2308,woodway-tx,TX,-97.2308,31.4983,272,1471
9611,9461,0.00523,Eidson Road,7.054,28.6717,-100.483,eidson-road-tx,TX,-100.483,28.6717,273,1362
9558,9519,0.00136,Ingleside,16.823,27.8706,-97.2079,ingleside-tx,TX,-97.2079,27.8706,274,568
9552,9789,-0.0082,Vidor,12.015,30.1281,-93.9917,vidor-tx,TX,-93.9917,30.1281,275,795
9537,9030,0.01804,Helotes,6.799,29.578,-98.6805,helotes-tx,TX,-98.6805,29.578,276,1403
9415,8839,0.02082,Sanger,11.759,33.3821,-97.1654,sanger-tx,TX,-97.1654,33.3821,277,801
9393,9090,0.01087,Commerce,8.334,33.241,-95.8989,commerce-tx,TX,-95.8989,33.241,278,1127
9332,9467,-0.0048,Lackland AFB,4.227,29.3867,-98.6179,lackland-afb-tx,TX,-98.6179,29.3867,279,2208
9331,9613,-0.00997,Jacinto City,1.852,29.7664,-95.2412,jacinto-city-tx,TX,-95.2412,29.7664,280,5038
9239,8777,0.01695,Dayton,24.393,30.0312,-94.9008,dayton-tx,TX,-94.9008,30.0312,281,379
9042,8517,0.01974,Kennedale,6.6,32.644,-97.2172,kennedale-tx,TX,-97.2172,32.644,282,1370
8967,8184,0.02998,Prairie View,7.212,30.0861,-95.9918,prairie-view-tx,TX,-95.9918,30.0861,283,1243
8954,8864,0.00336,Highland Park,2.243,32.8311,-96.8012,highland-park-tx,TX,-96.8012,32.8311,284,3992
8939,8612,0.01234,Highlands,4.881,29.8129,-95.0578,highlands-tx,TX,-95.0578,29.8129,285,1831
8885,8114,0.02979,Los Fresnos,4.081,26.074,-97.4879,los-fresnos-tx,TX,-97.4879,26.074,286,2177
8867,8621,0.00933,Richland Hills,3.135,32.8102,-97.2265,richland-hills-tx,TX,-97.2265,32.8102,287,2828
8800,7654,0.04538,Mont Belvieu,16.128,29.8583,-94.8855,mont-belvieu-tx,TX,-94.8855,29.8583,288,546
8755,7324,0.05762,Travis Ranch,0.964,32.8033,-96.4749,travis-ranch-tx,TX,-96.4749,32.8033,289,9082
8721,7893,0.03268,Sunnyvale,16.519,32.7998,-96.5585,sunnyvale-tx,TX,-96.5585,32.7998,290,528
8720,8936,-0.00819,Brownfield,6.512,33.1755,-102.273,brownfield-tx,TX,-102.273,33.1755,291,1339
8681,8732,-0.00195,Graham,5.584,33.1009,-98.5778,graham-tx,TX,-98.5778,33.1009,292,1555
8603,8447,0.00608,Dalhart,4.782,36.0574,-102.512,dalhart-tx,TX,-102.512,36.0574,293,1799
8567,8627,-0.00233,Wharton,7.497,29.3145,-96.1038,wharton-tx,TX,-96.1038,29.3145,294,1143
8520,8466,0.00212,Fort Stockton,5.51,30.8926,-102.884,fort-stockton-tx,TX,-102.884,30.8926,295,1546
8515,8128,0.01538,Cuero,6.564,29.1027,-97.2871,cuero-tx,TX,-97.2871,29.1027,296,1297
8485,7891,0.02389,Joshua,9.148,32.4573,-97.3855,joshua-tx,TX,-97.3855,32.4573,297,928
8449,8674,-0.0088,Lamesa,5.106,32.7333,-101.954,lamesa-tx,TX,-101.954,32.7333,298,1655
8437,8257,0.00716,Whitehouse,5.293,32.2226,-95.2223,whitehouse-tx,TX,-95.2223,32.2226,299,1594
8411,7943,0.0189,Camp Swift,12.08,30.1881,-97.2932,camp-swift-tx,TX,-97.2932,30.1881,300,696
8399,8492,-0.00368,Perryton,4.796,36.3929,-100.798,perryton-tx,TX,-100.798,36.3929,301,1751
8347,7612,0.03024,Lucas,15.369,33.101,-96.5812,lucas-tx,TX,-96.5812,33.101,302,543
8243,8279,-0.00145,Liberty,44.485,30.0388,-94.7888,liberty-tx,TX,-94.7888,30.0388,303,185
8184,8142,0.00171,Kirby,1.915,29.4611,-98.386,kirby-tx,TX,-98.386,29.4611,304,4274
8180,8156,0.00098,West Livingston,23.766,30.7014,-95.0203,west-livingston-tx,TX,-95.0203,30.7014,305,344
8149,8221,-0.00294,Hillsboro,10.869,32.009,-97.1145,hillsboro-tx,TX,-97.1145,32.009,306,750
8136,8289,-0.00623,Hondo,9.958,29.3542,-99.1618,hondo-tx,TX,-99.1618,29.3542,307,817
8100,7836,0.01098,Monahans,28.879,31.6388,-103.068,monahans-tx,TX,-103.068,31.6388,308,280
8011,7921,0.00376,Jersey Village,3.378,29.892,-95.5674,jersey-village-tx,TX,-95.5674,29.892,309,2372
7888,7708,0.00766,Lake Dallas,2.398,33.1278,-97.0228,lake-dallas-tx,TX,-97.0228,33.1278,310,3289
7863,7941,-0.0033,Aransas Pass,12.57,27.8902,-97.1185,aransas-pass-tx,TX,-97.1185,27.8902,311,626
7820,7643,0.0076,Navasota,8.171,30.3874,-96.0891,navasota-tx,TX,-96.0891,30.3874,312,957
7712,7646,0.00286,River Oaks,2.018,32.7767,-97.3984,river-oaks-tx,TX,-97.3984,32.7767,313,3822
7492,6529,0.04476,Savannah,0.97,33.2257,-96.9081,savannah-tx,TX,-96.9081,33.2257,314,7724
7474,7291,0.00823,Lampasas,7.312,31.064,-98.1828,lampasas-tx,TX,-98.1828,31.064,315,1022
7456,7357,0.00445,Alamo Heights,1.841,29.4828,-98.4682,alamo-heights-tx,TX,-98.4682,29.4828,316,4050
7446,7035,0.01874,Briar,20.451,32.9874,-97.5612,briar-tx,TX,-97.5612,32.9874,317,364
7431,7203,0.01033,Floresville,6.18,29.1389,-98.1629,floresville-tx,TX,-98.1629,29.1389,318,1202
7411,7471,-0.00269,Cleveland,18.981,30.337,-95.0933,cleveland-tx,TX,-95.0933,30.337,319,390
7403,7301,0.00461,Hitchcock,60.568,29.2826,-95.0076,hitchcock-tx,TX,-95.0076,29.2826,320,122
7328,7028,0.01384,Kingsland,9.043,30.6659,-98.4535,kingsland-tx,TX,-98.4535,30.6659,321,810
7325,7037,0.01328,Marble Falls,14.513,30.5646,-98.2768,marble-falls-tx,TX,-98.2768,30.5646,322,505
7270,7498,-0.01035,Fabens,4.325,31.514,-106.145,fabens-tx,TX,-106.145,31.514,323,1681
7156,6988,0.00789,Seminole,3.797,32.7208,-102.65,seminole-tx,TX,-102.65,32.7208,324,1885
7144,7165,-0.00098,Gonzales,6.08,29.5125,-97.4472,gonzales-tx,TX,-97.4472,29.5125,325,1175
7138,6988,0.00705,Lacy-Lakeview,4.156,31.6293,-97.105,lacy--lakeview-tx,TX,-97.105,31.6293,326,1718
7112,7142,-0.0014,Homestead Meadows South,3.665,31.811,-106.164,homestead-meadows-south-tx,TX,-106.164,31.811,327,1941
7085,6839,0.01171,Sealy,13.321,29.7655,-96.1691,sealy-tx,TX,-96.1691,29.7655,328,532
7078,6460,0.02998,Penitas,3.954,26.2493,-98.4401,penitas-tx,TX,-98.4401,26.2493,329,1790
7031,6935,0.00457,Silsbee,7.683,30.3455,-94.1768,silsbee-tx,TX,-94.1768,30.3455,330,915
6824,6797,0.00132,Kaufman,8.958,32.5769,-96.3155,kaufman-tx,TX,-96.3155,32.5769,331,762
6779,7325,-0.02615,Pearsall,5.933,28.8879,-99.099,pearsall-tx,TX,-99.099,28.8879,332,1143
6722,6893,-0.00841,Mexia,7.198,31.6807,-96.4832,mexia-tx,TX,-96.4832,31.6807,333,934
6688,6538,0.00753,Decatur,8.751,33.2262,-97.5876,decatur-tx,TX,-97.5876,33.2262,334,764
6673,6817,-0.00714,La Feria,4.313,26.1538,-97.825,la-feria-tx,TX,-97.825,26.1538,335,1547
6671,6884,-0.01053,Jasper,10.446,30.9227,-93.9932,jasper-tx,TX,-93.9932,30.9227,336,639
6662,6431,0.01169,Willis,4.733,30.4342,-95.4842,willis-tx,TX,-95.4842,30.4342,337,1408
6589,6535,0.00274,Iowa Park,4.043,33.9629,-98.6832,iowa-park-tx,TX,-98.6832,33.9629,338,1630
6571,6436,0.0069,Burnet,10.368,30.7506,-98.2382,burnet-tx,TX,-98.2382,30.7506,339,634
6518,6236,0.01463,Pecan Plantation,7.425,32.3637,-97.6537,pecan-plantation-tx,TX,-97.6537,32.3637,340,878
6506,6569,-0.00322,Carthage,10.66,32.152,-94.3371,carthage-tx,TX,-94.3371,32.152,341,610
6483,6135,0.01822,San Leon,4.7,29.4891,-94.9374,san-leon-tx,TX,-94.9374,29.4891,342,1379
6471,6387,0.00435,Keene,4.957,32.3961,-97.3214,keene-tx,TX,-97.3214,32.3961,343,1305
6435,6267,0.00878,Kermit,2.513,31.854,-103.092,kermit-tx,TX,-103.092,31.854,344,2561
6431,6059,0.01966,Lindale,6.177,32.4941,-95.4073,lindale-tx,TX,-95.4073,32.4941,345,1041
6415,5917,0.02656,Nolanville,4.208,31.0725,-97.6051,nolanville-tx,TX,-97.6051,31.0725,346,1524
6346,6190,0.00826,Gun Barrel City,6.254,32.3282,-96.1318,gun-barrel-city-tx,TX,-96.1318,32.3282,347,1015
6245,5201,0.05901,Northlake,16.866,33.0738,-97.2562,northlake-tx,TX,-97.2562,33.0738,348,370
6179,6212,-0.00178,Canutillo,2.741,31.9185,-106.601,canutillo-tx,TX,-106.601,31.9185,349,2254
6169,6154,0.00081,Everman,1.753,32.6288,-97.2842,everman-tx,TX,-97.2842,32.6288,350,3519
6153,6225,-0.00389,White Oak,9.108,32.53,-94.8539,white-oak-tx,TX,-94.8539,32.53,351,676
6146,6332,-0.00999,Crockett,8.851,31.3171,-95.4566,crockett-tx,TX,-95.4566,31.3171,352,694
6144,6162,-0.00098,Mila Doce,3.181,26.223,-97.9601,mila-doce-tx,TX,-97.9601,26.223,353,1931
6134,5987,0.00805,Edna,4.134,28.9751,-96.6485,edna-tx,TX,-96.6485,28.9751,354,1484
6120,6354,-0.01258,Crystal City,3.644,28.6907,-99.8271,crystal-city-tx,TX,-99.8271,28.6907,355,1679
6080,5945,0.00746,Wake Village,2.317,33.424,-94.1187,wake-village-tx,TX,-94.1187,33.424,356,2624
6076,5521,0.0314,Wolfforth,3.047,33.5169,-102.005,wolfforth-tx,TX,-102.005,33.5169,357,1994
6074,6035,0.00214,Alpine,4.801,30.3639,-103.664,alpine-tx,TX,-103.664,30.3639,358,1265
6041,6134,-0.00511,Gladewater,11.568,32.5425,-94.9471,gladewater-tx,TX,-94.9471,32.5425,359,522
6015,5865,0.00838,Windcrest,2.15,29.5148,-98.3813,windcrest-tx,TX,-98.3813,29.5148,360,2798
6010,5692,0.01795,Bulverde,15.817,29.7745,-98.435,bulverde-tx,TX,-98.435,29.7745,361,380
5957,5462,0.02849,Parker,8.483,33.0631,-96.6253,parker-tx,TX,-96.6253,33.0631,362,702
5935,5908,0.00152,Yoakum,4.581,29.2932,-97.147,yoakum-tx,TX,-97.147,29.2932,363,1296
5908,5923,-0.00085,Bridgeport,7.843,33.2104,-97.7725,bridgeport-tx,TX,-97.7725,33.2104,364,753
5882,5483,0.02313,Krum,2.472,33.265,-97.2249,krum-tx,TX,-97.2249,33.265,365,2379
5841,6099,-0.01451,Cameron Park,0.543,25.9705,-97.4774,cameron-park-tx,TX,-97.4774,25.9705,366,10757
5829,5223,0.0359,Barrett,6.391,29.8654,-95.0525,barrett-tx,TX,-95.0525,29.8654,367,912
5814,5943,-0.00734,Littlefield,6.331,33.9191,-102.335,littlefield-tx,TX,-102.335,33.9191,368,918
5780,5858,-0.00448,Slaton,5.384,33.4455,-101.651,slaton-tx,TX,-101.651,33.4455,369,1074
5777,5618,0.00926,Doffing,4.334,26.2788,-98.3856,doffing-tx,TX,-98.3856,26.2788,370,1333
5749,5347,0.02386,Nassau Bay,1.22,29.5448,-95.0874,nassau-bay-tx,TX,-95.0874,29.5448,371,4712
5730,5640,0.00526,Livingston,8.73,30.71,-94.9379,livingston-tx,TX,-94.9379,30.71,372,656
5729,5006,0.04391,Aubrey,3.027,33.3086,-96.9791,aubrey-tx,TX,-96.9791,33.3086,373,1893
5688,5607,0.00477,Hutchins,9.093,32.6434,-96.7098,hutchins-tx,TX,-96.7098,32.6434,374,626
5685,5454,0.01373,Sansom Park,1.24,32.8027,-97.4021,sansom-park-tx,TX,-97.4021,32.8027,375,4585
5671,5668,0.00018,Elsa,2.087,26.2978,-97.9936,elsa-tx,TX,-97.9936,26.2978,376,2717
5656,5599,0.00337,Luling,5.51,29.6817,-97.6467,luling-tx,TX,-97.6467,29.6817,377,1026
5626,5737,-0.00653,Childress,8.26,34.4355,-100.282,childress-tx,TX,-100.282,34.4355,378,681
5614,5257,0.02166,Primera,2.777,26.2232,-97.7517,primera-tx,TX,-97.7517,26.2232,379,2022
5517,5448,0.00419,Bowie,5.519,33.557,-97.8461,bowie-tx,TX,-97.8461,33.557,380,1000
5508,4650,0.05477,Dripping Springs,8.281,30.1954,-98.0939,dripping-springs-tx,TX,-98.0939,30.1954,381,665
5500,4858,0.04048,Aledo,2.586,32.6974,-97.607,aledo-tx,TX,-97.607,32.6974,382,2127
5484,5100,0.0239,Chula Vista,3.31,28.6572,-100.425,chula-vista-tx,TX,-100.425,28.6572,383,1657
5470,5383,0.00533,Zapata,7.642,26.9022,-99.2614,zapata-tx,TX,-99.2614,26.9022,384,716
5456,5504,-0.00292,Sinton,2.962,28.0394,-97.5156,sinton-tx,TX,-97.5156,28.0394,385,1842
5420,5321,0.00613,McGregor,21.791,31.4186,-97.4284,mcgregor-tx,TX,-97.4284,31.4186,386,249
5366,5195,0.01074,Pinehurst,7.914,30.1886,-95.7035,pinehurst-tx,TX,-95.7035,30.1886,387,678
5361,5433,-0.00446,Atlanta,12.5,33.1132,-94.1676,atlanta-tx,TX,-94.1676,33.1132,388,429
5361,4974,0.02466,Wilmer,6.364,32.599,-96.6816,wilmer-tx,TX,-96.6816,32.599,389,842
5337,5295,0.00263,Lakehills,30.31,29.6271,-98.9426,lakehills-tx,TX,-98.9426,29.6271,390,176
5328,5430,-0.00634,Hempstead,6.477,30.1006,-96.0777,hempstead-tx,TX,-96.0777,30.1006,391,823
5312,5462,-0.00932,Marlin,4.517,31.308,-96.8932,marlin-tx,TX,-96.8932,31.308,392,1176
5242,5323,-0.00512,Rockdale,4.007,30.6543,-97.0089,rockdale-tx,TX,-97.0089,30.6543,393,1308
5237,5210,0.00172,Homestead Meadows North,15.588,31.8483,-106.171,homestead-meadows-north-tx,TX,-106.171,31.8483,394,336
5231,5306,-0.00476,Cameron,5.239,30.8608,-96.9762,cameron-tx,TX,-96.9762,30.8608,395,998
5230,5221,0.00057,Center,7.838,31.7931,-94.1803,center-tx,TX,-94.1803,31.7931,396,667
5221,4936,0.01853,Willow Park,6.432,32.7539,-97.6502,willow-park-tx,TX,-97.6502,32.7539,397,812
5204,5285,-0.00516,Rusk,7.232,31.7978,-95.1488,rusk-tx,TX,-95.1488,31.7978,398,720
5195,5129,0.00425,Granite Shoals,5.773,30.5904,-98.3725,granite-shoals-tx,TX,-98.3725,30.5904,399,900
5174,5066,0.00701,Brookshire,4.33,29.7824,-95.9514,brookshire-tx,TX,-95.9514,29.7824,400,1195
5162,4781,0.02522,Richwood,4.466,29.0639,-95.4022,richwood-tx,TX,-95.4022,29.0639,401,1156
5160,5160,0,Muleshoe,3.431,34.2292,-102.728,muleshoe-tx,TX,-102.728,34.2292,402,1504
5159,4718,0.02933,Hickory Creek,4.9,33.1109,-97.0347,hickory-creek-tx,TX,-97.0347,33.1109,403,1053
5144,4469,0.04574,Lavon,2.531,33.0257,-96.4392,lavon-tx,TX,-96.4392,33.0257,404,2032
5096,5045,0.00335,Terrell Hills,1.612,29.4771,-98.4472,terrell-hills-tx,TX,-98.4472,29.4771,405,3161
5034,5028,0.0004,Port Isabel,6.787,26.063,-97.2467,port-isabel-tx,TX,-97.2467,26.063,406,742
5024,4739,0.01927,Alvarado,4.152,32.4061,-97.216,alvarado-tx,TX,-97.216,32.4061,407,1210
5021,4808,0.01434,Pecan Acres,18.875,32.9679,-97.479,pecan-acres-tx,TX,-97.479,32.9679,408,266
5010,5187,-0.01164,Breckenridge,4.197,32.7568,-98.913,breckenridge-tx,TX,-98.913,32.7568,409,1194
4996,4969,0.0018,Giddings,5.277,30.1837,-96.928,giddings-tx,TX,-96.928,30.1837,410,947
4995,5118,-0.00814,Brady,8.943,31.1523,-99.4518,brady-tx,TX,-99.4518,31.1523,411,559
4916,4823,0.00635,Mineola,10.161,32.6529,-95.4803,mineola-tx,TX,-95.4803,32.6529,412,484
4885,4849,0.00246,Hudson,5.07,31.3192,-94.7847,hudson-tx,TX,-94.7847,31.3192,413,964
4829,4760,0.00479,Sparks,1.415,31.6726,-106.24,sparks-tx,TX,-106.24,31.6726,414,3413
4828,4357,0.03361,Oak Point,5.649,33.1729,-96.987,oak-point-tx,TX,-96.987,33.1729,415,855
4825,4843,-0.00124,Gilmer,3.79,32.7323,-94.9458,gilmer-tx,TX,-94.9458,32.7323,416,1273
4800,4767,0.0023,Meadows Place,0.937,29.6509,-95.5869,meadows-place-tx,TX,-95.5869,29.6509,417,5123
4781,4361,0.03017,Venus,3.031,32.4307,-97.1022,venus-tx,TX,-97.1022,32.4307,418,1577
4777,4636,0.00994,Morgan's Point Resort,2.8,31.1546,-97.4592,morgan's-point-resort-tx,TX,-97.4592,31.1546,419,1706
4768,4822,-0.00376,Shady Hollow,2.166,30.1645,-97.8631,shady-hollow-tx,TX,-97.8631,30.1645,420,2201
4765,4369,0.02849,Van Alstyne,5.073,33.4201,-96.5834,van-alstyne-tx,TX,-96.5834,33.4201,421,939
4757,4409,0.02499,Justin,2.375,33.0866,-97.3001,justin-tx,TX,-97.3001,33.0866,422,2003
4750,4711,0.00274,Lake Worth,2.464,32.813,-97.4305,lake-worth-tx,TX,-97.4305,32.813,423,1928
4748,4892,-0.01001,Carrizo Springs,3.09,28.5258,-99.8593,carrizo-springs-tx,TX,-99.8593,28.5258,424,1537
4739,4403,0.02421,Argyle,11.406,33.1055,-97.1775,argyle-tx,TX,-97.1775,33.1055,425,415
4630,4612,0.0013,New Boston,3.999,33.4611,-94.4191,new-boston-tx,TX,-94.4191,33.4611,426,1158
4613,4790,-0.01263,Post,3.745,33.1909,-101.382,post-tx,TX,-101.382,33.1909,427,1232
4598,4457,0.01033,La Joya,4.205,26.2579,-98.4764,la-joya-tx,TX,-98.4764,26.2579,428,1093
4597,4807,-0.015,Progreso,2.995,26.0961,-97.9566,progreso-tx,TX,-97.9566,26.0961,429,1535
4568,4544,0.00175,Hearne,4.12,30.8771,-96.5952,hearne-tx,TX,-96.5952,30.8771,430,1109
4547,4304,0.01814,Ovilla,5.788,32.5413,-96.8835,ovilla-tx,TX,-96.8835,32.5413,431,786
4537,4381,0.01159,Pilot Point,4.032,33.3957,-96.9503,pilot-point-tx,TX,-96.9503,33.3957,432,1125
4509,4257,0.01898,Horseshoe Bay,14.304,30.5408,-98.3806,horseshoe-bay-tx,TX,-98.3806,30.5408,433,315
4498,4609,-0.00816,Falfurrias,2.861,27.2244,-98.1452,falfurrias-tx,TX,-98.1452,27.2244,434,1572
4487,4277,0.01585,Hallsville,3.653,32.4992,-94.5678,hallsville-tx,TX,-94.5678,32.4992,435,1228
4467,4470,-0.00022,Denver City,2.532,32.968,-102.832,denver-city-tx,TX,-102.832,32.968,436,1764
4465,4186,0.02127,Garden Ridge,7.14,29.6365,-98.2925,garden-ridge-tx,TX,-98.2925,29.6365,437,625
4450,3646,0.06408,Liberty Hill,2.243,30.6636,-97.9095,liberty-hill-tx,TX,-97.9095,30.6636,438,1984
4448,4061,0.02987,Doolittle,4.282,26.3598,-98.1168,doolittle-tx,TX,-98.1168,26.3598,439,1039
4426,4420,0.00045,Madisonville,4.178,30.954,-95.9093,madisonville-tx,TX,-95.9093,30.954,440,1059
4424,4229,0.01491,Canton,5.972,32.5543,-95.8643,canton-tx,TX,-95.8643,32.5543,441,741
4391,4385,0.00046,Hunters Creek Village,1.954,29.7727,-95.4981,hunters-creek-village-tx,TX,-95.4981,29.7727,442,2247
4382,4373,0.00069,Central Gardens,2.503,29.9877,-94.0221,central-gardens-tx,TX,-94.0221,29.9877,443,1751
4382,4229,0.01178,Spring Valley Village,1.215,29.7898,-95.504,spring-valley-village-tx,TX,-95.504,29.7898,444,3607
4374,4248,0.0097,Olivarez,3.685,26.2285,-97.9931,olivarez-tx,TX,-97.9931,26.2285,445,1187
4361,4457,-0.00728,Diboll,4.741,31.1883,-94.7829,diboll-tx,TX,-94.7829,31.1883,446,920
4356,4050,0.02398,Mabank,7.2,32.3687,-96.1152,mabank-tx,TX,-96.1152,32.3687,447,605
4348,4450,-0.00776,Rio Bravo,0.65,27.3647,-99.4845,rio-bravo-tx,TX,-99.4845,27.3647,448,6689
4326,4473,-0.0112,Tulia,3.557,34.5379,-101.774,tulia-tx,TX,-101.774,34.5379,449,1216
4316,4391,-0.00576,La Grange,4.136,29.9126,-96.8763,la-grange-tx,TX,-96.8763,29.9126,450,1044
4315,4324,-0.00069,Devine,3.214,29.1458,-98.905,devine-tx,TX,-98.905,29.1458,451,1343
4311,4005,0.02423,Hudson Bend,3.988,30.4147,-97.9273,hudson-bend-tx,TX,-97.9273,30.4147,452,1081
4299,4395,-0.00739,Palacios,4.94,28.7309,-96.2547,palacios-tx,TX,-96.2547,28.7309,453,870
4287,4335,-0.00372,Pittsburg,3.601,32.9992,-94.9668,pittsburg-tx,TX,-94.9668,32.9992,454,1191
4264,3853,0.0332,Weston Lakes,2.651,29.6573,-95.931,weston-lakes-tx,TX,-95.931,29.6573,455,1608
4239,4206,0.0026,Bellville,2.656,29.9471,-96.2601,bellville-tx,TX,-96.2601,29.9471,456,1596
4237,4111,0.01001,Laureles,4.8,26.1197,-97.4892,laureles-tx,TX,-97.4892,26.1197,457,883
4235,3947,0.02319,Potosi,18.346,32.3357,-99.6843,potosi-tx,TX,-99.6843,32.3357,458,231
4219,3562,0.05475,McLendon-Chisholm,9.507,32.8421,-96.4054,mclendon--chisholm-tx,TX,-96.4054,32.8421,459,444
4190,3944,0.01996,Cross Mountain,6.722,29.6563,-98.6456,cross-mountain-tx,TX,-98.6456,29.6563,460,623
4186,4171,0.0012,Friona,1.4,34.6394,-102.723,friona-tx,TX,-102.723,34.6394,461,2990
4175,4211,-0.00287,Comanche,4.561,31.9005,-98.6044,comanche-tx,TX,-98.6044,31.9005,462,915
4160,3860,0.02463,Crandall,3.14,32.6281,-96.454,crandall-tx,TX,-96.454,32.6281,463,1325
4160,4094,0.00532,Jourdanton,3.493,28.9138,-98.541,jourdanton-tx,TX,-98.541,28.9138,464,1191
4158,4074,0.00678,Whitesboro,3.338,33.6596,-96.9037,whitesboro-tx,TX,-96.9037,33.6596,465,1246
4150,4333,-0.01449,Mathis,3.316,28.0909,-97.817,mathis-tx,TX,-97.817,28.0909,466,1252
4105,4171,-0.00533,Dimmitt,3.15,34.5479,-102.307,dimmitt-tx,TX,-102.307,34.5479,467,1303
4091,3788,0.02531,Edgecliff Village,1.191,32.6561,-97.3406,edgecliff-village-tx,TX,-97.3406,32.6561,468,3435
4085,4184,-0.00801,Jacksboro,7.181,33.2258,-98.1592,jacksboro-tx,TX,-98.1592,33.2258,469,569
4076,4232,-0.0126,Midway North,1.803,26.1872,-98.0188,midway-north-tx,TX,-98.0188,26.1872,470,2261
4069,3814,0.02134,Nash,3.374,33.4418,-94.1286,nash-tx,TX,-94.1286,33.4418,471,1206
4051,3694,0.03026,Wyldwood,12.032,30.1306,-97.4794,wyldwood-tx,TX,-97.4794,30.1306,472,337
3963,4101,-0.01147,Hebbronville,6.254,27.324,-98.6861,hebbronville-tx,TX,-98.6861,27.324,473,634
3960,3993,-0.00277,Caldwell,3.898,30.5313,-96.7006,caldwell-tx,TX,-96.7006,30.5313,474,1016
3959,3953,0.00051,Medina,1.773,26.9351,-99.2644,medina-tx,TX,-99.2644,26.9351,475,2233
3952,3922,0.00254,Smithville,3.98,30.0084,-97.1509,smithville-tx,TX,-97.1509,30.0084,476,993
3943,3991,-0.00404,Colorado City,5.332,32.3995,-100.858,colorado-city-tx,TX,-100.858,32.3995,477,739
3936,3978,-0.00354,Castle Hills,2.469,29.5247,-98.5191,castle-hills-tx,TX,-98.5191,29.5247,478,1594
3929,3758,0.01472,Scissors,1.594,26.1333,-98.0475,scissors-tx,TX,-98.0475,26.1333,479,2465
3907,3499,0.03606,Shenandoah,1.959,30.1841,-95.4557,shenandoah-tx,TX,-95.4557,30.1841,480,1994
3901,4003,-0.00864,Redwood,6.45,29.8098,-97.9093,redwood-tx,TX,-97.9093,29.8098,481,605
3881,3908,-0.00231,Sullivan City,3.589,26.2752,-98.5644,sullivan-city-tx,TX,-98.5644,26.2752,482,1081
3879,3822,0.00492,Bunker Hill Village,1.442,29.7648,-95.5317,bunker-hill-village-tx,TX,-95.5317,29.7648,483,2690
3877,3883,-0.00052,Cisco,4.955,32.385,-98.9803,cisco-tx,TX,-98.9803,32.385,484,782
3869,3722,0.01283,North Alamo,1.419,26.2161,-98.1264,north-alamo-tx,TX,-98.1264,26.2161,485,2727
3862,3571,0.02576,Howe,5.101,33.5067,-96.6155,howe-tx,TX,-96.6155,33.5067,486,757
3841,3811,0.00261,Clyde,3.284,32.4056,-99.5039,clyde-tx,TX,-99.5039,32.4056,487,1170
3813,3747,0.0058,Wills Point,3.665,32.7095,-96.005,wills-point-tx,TX,-96.005,32.7095,488,1040
3754,3718,0.00321,Cotulla,2.01,28.4363,-99.2367,cotulla-tx,TX,-99.2367,28.4363,489,1868
3753,3417,0.03076,Crosby,2.226,29.9152,-95.0577,crosby-tx,TX,-95.0577,29.9152,490,1686
3752,3704,0.00428,Taylor Lake Village,1.124,29.5748,-95.0553,taylor-lake-village-tx,TX,-95.0553,29.5748,491,3338
3741,3501,0.02185,Rosita,7.857,28.6245,-100.428,rosita-tx,TX,-100.428,28.6245,492,476
3726,3594,0.01195,Grape Creek,15.657,31.5817,-100.547,grape-creek-tx,TX,-100.547,31.5817,493,238
3711,3699,0.00108,Columbus,2.871,29.7028,-96.5571,columbus-tx,TX,-96.5571,29.7028,494,1293
3705,3612,0.00844,Farmersville,4.052,33.1616,-96.3606,farmersville-tx,TX,-96.3606,33.1616,495,914
3701,3815,-0.01016,Cockrell Hill,0.582,32.7382,-96.8886,cockrell-hill-tx,TX,-96.8886,32.7382,496,6359
3697,3811,-0.01017,Westway,1.149,31.9601,-106.576,westway-tx,TX,-106.576,31.9601,497,3218
3672,3912,-0.02132,Coleman,6.143,31.8314,-99.4222,coleman-tx,TX,-99.4222,31.8314,498,598
3671,3524,0.01353,Shavano Park,3.29,29.5844,-98.5562,shavano-park-tx,TX,-98.5562,29.5844,499,1116
3640,3520,0.01111,Laguna Vista,4.827,26.1059,-97.2963,laguna-vista-tx,TX,-97.2963,26.1059,500,754